                  epoch,         train/box_loss,         train/cls_loss,         train/dfl_loss,   metrics/precision(B),      metrics/recall(B),       metrics/mAP50(B),    metrics/mAP50-95(B),           val/box_loss,           val/cls_loss,           val/dfl_loss,                 lr/pg0,                 lr/pg1,                 lr/pg2
                      0,                0.67205,                 1.8223,                0.82118,                0.87288,                 0.8319,                0.87853,                0.80625,                0.40511,                0.57789,                0.80938,               0.070007,              0.0033325,              0.0033325
                      1,                0.54755,                0.65532,                 0.7992,                0.97958,                0.90804,                0.97083,                0.90238,                0.35293,                0.35795,                0.80308,               0.038687,               0.005346,               0.005346
                      2,                0.48108,                0.48903,                 0.7913,                0.97976,                0.97599,                0.99067,                0.93881,                0.30548,                0.29182,                0.79731,              0.0060476,              0.0060395,              0.0060395
                      3,                0.38147,                0.39184,                0.78169,                0.99802,                0.98896,                0.99183,                0.95746,                0.25117,                0.23967,                0.78908,                0.00406,                0.00406,                0.00406
                      4,                0.35069,                0.35423,                0.77886,                0.99647,                0.99312,                0.99423,                0.96746,                0.23096,                0.22411,                0.78721,                0.00406,                0.00406,                0.00406
